id,language,page_id,title,description,keywords
1,ru,1,Corpsee.com. Графика,Corpsee.com. Графика,"corpsee, графика, graphic"
2,ru,2,Corpsee.com. Графика по меткам,Corpsee.com. Графика по меткам,"corpsee, графика, graphic"
3,ru,3,Corpsee.com. Графика. Метка — ,Corpsee.com. Графика. Метка,"corpsee, графика, graphic"
4,ru,4,Corpsee.com. Административная панель ,Corpsee.com. Административная панель ,"corpsee, графика, graphic"
5,ru,5,Corpsee.com. Административная панель ,Corpsee.com. Административная панель ,"corpsee, графика, graphic"
6,ru,6,Corpsee.com. Административная панель ,Corpsee.com. Административная панель ,"corpsee, графика, graphic"
7,ru,7,Corpsee.com. Административная панель,Corpsee.com. Административная панель,"corpsee, графика, graphic"
8,ru,8,Corpsee.com. Административная панель,Corpsee.com. Административная панель,"corpsee, графика, graphic"
9,ru,9,Corpsee.com. Административная панель,Corpsee.com. Административная панель,"corpsee, графика, graphic"
10,ru,10,Corpsee.com. Административная панель,Corpsee.com. Административная панель,"corpsee, графика, graphic"
11,ru,11,Corpsee.com. Административная панель,Corpsee.com. Административная панель,"corpsee, графика, graphic"
12,ru,12,Corpsee.com. Административная панель,Corpsee.com. Административная панель,"corpsee, графика, graphic"
13,ru,13,Corpsee.com. Административная панель,Corpsee.com. Административная панель,"corpsee, графика, graphic"
14,ru,14,Corpsee.com. Административная панель,Corpsee.com. Административная панель,"corpsee, графика, graphic"
15,ru,15,Corpsee.com. Информация обо мне,Corpsee.com. Информация обо мне.,"corpsee, графика, graphic"
16,ru,16,Corpsee.com. Доступ запрещен. 403,Corpsee.com. Доступ запрещен. 403.,"corpsee, графика, graphic"
17,ru,17,Corpsee.com. Страница не найдена. 404,Corpsee.com. Страница не найдена. 404.,"corpsee, графика, graphic"
18,ru,18,Corpsee.com. Неизвестная ошибка сервера,Corpsee.com. Неизвестная ошибка сервера.,"corpsee, графика, graphic"
19,en,1,Corpsee.com. Graphics,Corpsee.com. Graphics,"corpsee, graphics, graphic"
20,en,2,Corpsee.com. Graphics by tags,Corpsee.com. Graphics by tags,"corpsee, graphics, graphic"
21,en,3,Corpsee.com. Graphics. Tag — ,Corpsee.com. Graphics. Tag — ,"corpsee, graphics, graphic"
22,en,15,Corpsee.com. About me,Corpsee.com. About me,"corpsee, graphics, graphic"
23,en,16,Corpsee.com. Access denied. 403,Corpsee.com. Access denied. 403,"corpsee, graphics, graphic"
24,en,17,Corpsee.com. Page not found. 404,Corpsee.com. Page not found. 404,"corpsee, graphics, graphic"
25,en,18,Corpsee.com. Unknown server error,Corpsee.com. Unknown server error,"corpsee, graphics, graphic"
