id,repository,number,title,body,status,commits,additions,deletions,files,create_date
1,DandyDev/gapi-php,2,Namespaces,Added namespaces implementation and improved code style and phpdoc,merged,6,228,179,4,2013-06-07 01:04:41
2,fabpot/Pimple,75,Remove unused argument,Remove unused argument in protect method,closed,1,1,1,1,2013-07-01 01:09:21
3,vladkens/VK,3,опечатка,опечатка,merged,1,1,1,1,2013-03-14 10:39:06
4,vladkens/VK,5,Added namespaces,Added namespaces support,closed,1,16,6,3,2013-07-01 03:38:20
5,vladkens/VK,6,Base URLs moved into class constants,Base URLs moved into class constants,merged,3,11,8,1,2013-07-02 23:16:05
6,fuel/core,1484,Improved documentation,"",merged,1,354,135,13,2013-07-16 00:41:06
7,less/old-lesscss.org,94,Up version to actual (v1.4.2),"",merged,1,2,2,1,2013-09-19 08:17:35
8,spekkionu/htmlpurifier,1,"Updated version to 4.5.0, added information about authors","",merged,1,20,6,1,2013-09-21 01:46:29
9,pyrocms/pyrocms,3010,Correct redirect for Apache2 on Windows,At Apache2/Windows redirect dont`t work correctly. Instead redirect happens refrash.,closed,2,47,0,1,2013-09-26 09:32:36
10,imagecms/ImageCMS,71,"Added $site_keywords, $site_description & $meta_noindex vars into the carporate template","",closed,2,4,1,1,2013-09-29 10:38:43
11,imagecms/ImageCMS,74,Добавлены пробелы между словами в логе,"",closed,1,4,4,1,2013-10-11 02:45:26
12,morrisonlevi/Ardent,18,Corrected LinkedList::offsetExists for empty list,Corrected LinkedList::offsetExists for empty list,closed,2,5,1,1,2013-11-21 03:56:50
13,vhf/free-programming-books,632,Added books about Linux,Added books about Linux,closed,1,2,0,1,2014-01-17 11:59:24
14,yiisoft/yii,3180,Fix duplicate apply_time field SQL error in DB.,"When we do a few little megration (less than 1 sec long), we get the duplicate values error in the 'apply_time' field.
I think the change of timeformat (accurate to the microseconds) would solve this problem. But not to break backward compatibility I suggest to do ""sleep(1)"" for 1 second during the any mergation up process.
In this case the timestamp would be different.",closed,1,2,1,1,2014-01-25 08:12:07
16,agat/css-framework,12,"Исправленна подсветка для активных элементов форм f-valid, f-invalid","Исправленна подсветка для активных элементов форм f-valid, f-invalid.",open,2,11,1,1,2013-11-17 10:46:02
17,agat/css-framework,13,Обновил версию до 4.0.2,"",open,2,3,3,2,2013-11-29 01:59:53
18,slava-vishnyakov/gerar-php,3,Added debian implementation,Added debian implementation,merged,3,459,87,20,2014-02-02 10:50:04
19,slava-vishnyakov/gerar-php,4,"Added service stop, reload, force-reload actions","Added service stop, reload, force-reload actions",open,2,19,1,2,2014-02-02 22:59:51
20,Block8/PHPCI,293,Fixed composer plugin for using on Windows,"",closed,4,10,6,2,2014-03-06 10:04:57
21,Block8/PHPCI,295,Fixes for windows,"Background: https://github.com/Block8/PHPCI/pull/293

I don't see the profit in the additional tests, because interfaces haven't changed.
Everything else is possible I corrected.",merged,4,83,7,5,2014-03-08 12:54:04
22,Block8/PHPCI,298,Added database-based yml build config,"",closed,5,79,47,6,2014-03-10 10:22:42
23,Block8/PHPCI,299,A few minor fixes,"",merged,2,18,2,2,2014-03-12 11:07:28
24,Block8/PHPCI,300,A few fixes for windows,"",merged,4,33,6,7,2014-03-13 11:08:34
25,Block8/PHPCI,308,A few fixes,"",merged,3,12,2,2,2014-03-20 09:30:16
26,Block8/PHPCI,309,Added simple error/exception handle and logging,"",merged,5,120,8,4,2014-03-20 09:34:20
27,Block8/PHPCI,381,Humanized yaml application config,"",merged,1,1,1,1,2014-05-01 23:08:15
28,Block8/PHPCI,362,Restored lost install.php,"",closed,2,877,1,2,2014-04-16 07:59:58
29,Block8/PHPCI,404,Init abstraction of command execution on different operation systems,"",merged,8,219,120,8,2014-05-09 10:58:53
30,Block8/PHPCI,403,"Added SQLite plugin, improved SQL plugins","",merged,2,142,15,4,2014-05-09 10:52:20
31,Block8/PHPCI,397,Fixed duplicate methods of CommandExecutor helper,Fixed duplicate methods of CommandExecutor helper: executeCommand and buildAndExecuteCommand,merged,1,7,17,3,2014-05-09 01:28:03
32,Block8/PHPCI,449,Fixed key in add action when 'ssh-keygen' command is not available,associated ticket: https://github.com/Block8/PHPCI/issues/447,merged,1,3,3,1,2014-05-25 19:56:34
33,Block8/PHPCI,448,Installation fix,Doesnt load the database settings when saving admin user on the finish of PHPCI installation.,merged,3,27,5,1,2014-05-25 14:00:33
35,Block8/PHPCI,412,Fixed test for CommandExecutor,"",merged,2,3,3,1,2014-05-11 11:45:23
36,Block8/PHPCI,408,Fixed public key text outing of panel border,"![2014-05-11 11-54-53](https://cloud.githubusercontent.com/assets/1416706/2937717/8316d5a0-d8c8-11e3-8450-7d278d89ae0a.png)
![2014-05-11 11-51-47](https://cloud.githubusercontent.com/assets/1416706/2937715/21bd91a4-d8c8-11e3-99a3-5e4749e168d3.png)
",merged,1,4,0,1,2014-05-10 08:06:34
37,Block8/PHPCI,342,Added database-based yml build config #2,History: https://github.com/Block8/PHPCI/pull/298,merged,10,705,788,13,2014-04-10 10:54:25
38,Block8/PHPCI,458,Removed useless args,"",merged,1,10,10,1,2014-06-08 11:59:13
39,Block8/PHPCI,457,Project builds pagination improvements,"",merged,2,36,11,3,2014-06-08 11:11:40
40,ziadoz/awesome-php,166,Added Continuous Integration category (separated from Testing),"",merged,3,5,0,1,2014-07-12 21:53:07
41,ziadoz/awesome-php,165,Added AspectMock library,"",merged,1,1,0,1,2014-07-12 21:52:35
42,ziadoz/awesome-php,164,Feature added AspectMock,"",closed,2,2,0,1,2014-07-12 21:46:59
43,ziadoz/awesome-php,163,Added Yii2 framework,"",merged,1,1,0,1,2014-07-12 21:46:33
45,antono/valum,1,Fixed typo in README.md,"",merged,1,1,1,1,2014-07-28 02:51:44
46,yiisoft/yii2,5344,Added \Exception type to the type hinting,"",closed,2,7,7,3,2014-10-03 23:38:44
47,Codegyre/Robo,74,Small README fix,Added space between README badges.,merged,1,1,1,1,2014-11-08 07:19:24
49,Block8/PHPCI,680,Fixes for localization functionality,Fixes for https://github.com/Block8/PHPCI/pull/678,closed,17,1318,434,75,2014-12-05 02:19:08
50,Block8/PHPCI,679,Added Russian translation,Added Russian translation for https://github.com/Block8/PHPCI/pull/678,closed,15,1320,434,74,2014-12-04 18:35:01
48,Block8/PHPCI,683,Russian translation improvement,Russian translation improvement by @xboston,closed,17,1320,434,74,2014-12-05 10:15:48
44,Block8/PHPCI,491,Description fix for Windows users,"",closed,2,2,2,1,2014-07-12 21:24:11
62,corpsee/RoboCI,1,Added PHP version to composer.json requirements,Added PHP version to composer.json requirements,open,1,2,1,1,2015-03-05 18:35:02
59,salathe/phps.io,3,Added ePHP,Added ePHP,merged,1,5,0,1,2015-02-23 04:43:33
58,Block8/PHPCI,807,Updated lang.ru file,Updated lang.ru file,closed,1,3,0,1,2015-02-21 19:33:07
57,lepism/BemPHP,3,Добавил поддержку composer-а и тестов,"Добавил поддержку composer-а и тестов.

Что бы люди смогли пользоваться вашей библиотекой через https://packagist.org, вам еще нужно будет зарегистрировать ваш репозиторий там.",open,2,1129,626,44,2015-02-04 16:55:29
51,Block8/b8framework,38,Fixed class annotation in docs,Fixed class annotation in docs,open,1,15,15,3,2015-01-11 17:40:22
52,Block8/PHPCI,737,Ru lang fixes,Fixed 'manual_build' string for ru language,closed,2,1,1,1,2015-01-11 12:03:06
53,Block8/PHPCI,736,Controller layout fix,Fixed $controller->layout fatal error,closed,2,11,1,2,2015-01-11 12:01:54
69,Block8/PHPCI,932,Fixed ru strings for create build command,Fixed ru strings for create build command: https://github.com/Block8/PHPCI/pull/889,closed,2,5,5,1,2015-04-22 10:24:27
79,Codegyre/RoboCI,4,Fixed dependencies,I add to dependencies Robo and robo-docker versions that let RoboCI work in current state. Later I want to upgrade RoboCI for Robo 0.5.*.,merged,1,453,31,2,2015-10-12 18:56:28
70,Block8/PHPCI,958,Extended shields.io status badge support,"**Contribution Type:** feature

**Primary Area:** build status badge



**Description of change:**

Extended shields.io status badge support. Added support for 'style' and 'label' additional params.

",closed,4,10,1,1,2015-04-30 10:10:02
63,wapmorgan/ServerStat,2,Fixed license name,"Right license name is ""BSD 3-Clause ""New"" or ""Revised"" License (BSD-3-Clause)"". http://opensource.org/licenses/alphabetical",merged,1,1,1,1,2015-03-07 20:54:50
66,anchorcms/anchor-cms,831,Added PostgreSQL support,Added PostgreSQL support,closed,1,73,0,2,2015-03-26 18:23:55
68,anchorcms/anchor-cms,841,Added ru_RU translation,Added ru_RU translation,closed,1,450,3,10,2015-04-11 14:24:49
76,Codegyre/RoboCI,3,Added PHP version to requirements,Added PHP version to requirements,merged,1,1,0,1,2015-10-12 17:27:19
64,Block8/PHPCI,870,Fixed 'start' string for ru lang,Fixed 'start' string for ru lang,closed,2,3,3,1,2015-03-16 06:44:23
65,Block8/PHPCI,873,Feature login by name/email, Improved login: now you can login using name or email,closed,5,69,3,13,2015-03-17 09:14:53
67,anchorcms/anchor-cms,830,Added LICENSE file and improved composer.json,Added LICENSE file and improved composer.json,merged,1,678,0,2,2015-03-26 18:23:30
72,robmorgan/phinx,557,Improved docs and fixed Commands interfaces,Improved docs and fixed Commands interfaces,closed,1,36,10,7,2015-05-17 07:17:09
77,adambard/learnxinyminutes-docs,1482,[PHP/ru] Improved PHP ru-ru translation,Improved PHP ru-ru translation,merged,1,31,30,1,2015-10-12 17:08:38
15,lokesh/lightbox2,57,Improved: correct overlay width,This measure prevents the appearance of horizontal scroll on the high images (greater than the height of the screen),closed,1,2,2,1,2013-07-10 21:49:09
60,Block8/PHPCI,835,Added default value in profile language select (current language),Added default value in profile language select (current language),closed,1,1,0,1,2015-02-27 09:56:11
80,adambard/learnxinyminutes-site,18,Added ru_ru translation,Added ru_ru translation,closed,1,8,0,1,2015-10-12 18:34:39
82,Block8/b8framework,42,Fixed checkbox controls layout,"**Contribution Type**: Bugfix

**Primary Area**: Form layout

**Description of change**:

Fixed checkbox controls layout (for AdminLTE2)

![example](https://cloud.githubusercontent.com/assets/1416706/10717069/7fe59d46-7b77-11e5-84cf-8ad672dad094.png)

",open,1,6,5,1,2015-10-25 18:21:43
54,romka/phpinternalsbook-ru,1,Fixed typo,Fixed typo,merged,1,1,1,1,2015-01-18 08:27:14
56,ziadoz/awesome-php,331,Added Nameless debug package,Added Nameless debug package. https://github.com/corpsee/nameless-debug,closed,1,1,0,1,2015-02-04 17:31:04
55,ziadoz/awesome-php,332,Added PHPell,Added PHPell to Development Environment.  https://github.com/corpsee/phpell,closed,1,1,0,1,2015-02-04 17:49:05
61,Block8/PHPCI,842,UI improvements,"UI improvements:

*  Added total builds count to the index page and the project page

*  Added date column to builds table on the project page.",merged,4,31,9,15,2015-02-28 17:43:30
71,Block8/PHPCI,942,Separated strings for 'archived'/'archived_menu',"Contribution Type: bug fix

Primary Area: view layout

Description of change:



Separated strings for 'archived'/'archived_menu'

",merged,1,15,4,12,2015-04-25 03:55:51
74,Block8/PHPCI,992,Fixed TapParser parse fail,"**Contribution Type:** bugfix

**Primary Area:** TapParser (PHPUnit plugin)



**Description of change:**

Tap parser failed on valid phpunit output (No tests and enabled code coverage):

```

TAP version 13



Generating code coverage report in HTML format ... done

```",merged,3,93,18,2,2015-05-24 06:15:49
73,Block8/PHPCI,993,Fixed GithubBuild::getDiffLineNumber method for correct phpcpd work,"**Contribution Type:** bugfix

**Primary Area:** phpcpd plugin



**Description of change:**

On processing phpcpd output GithubBuild throw error:

```

Warning: Illegal offset type in .../GithubBuild.php line 224

```",merged,1,2,0,1,2015-05-24 08:25:44
83,amnah/yii2-user,116,Fixed date to real GMT (UTC),Date without time zone shouldn`t be depend of the application time zone.,closed,1,16,16,6,2015-11-02 13:35:32
78,Block8/PHPCI,1085,Updated russian translation for Summary plugin section,"**Contribution Type**: Impovement

**Primary Area**: Russian translation

**Description of change**: Updated russian translation for Summary plugin section (added stage_broken and stage_fixed keys)",merged,1,2,0,1,2015-10-13 16:42:26
75,Block8/PHPCI,1076,Updated russian translation,"**Contribution Type**: Impovement

**Primary Area**: Russian translation

**Description of change**: Updated russian translation",merged,2,26,11,1,2015-10-10 12:26:20
88,mongodb/mongo-php-library,157,Documentation fixes,Documentation fixes,closed,2,648,9,41,2016-04-15 10:25:00
87,mongodb/mongo-php-library,158,Fixed composer lock,"Composer lock file file must be stored in the repository.
See https://blog.engineyard.com/2014/composer-its-all-about-the-lock-file, for example.",closed,1,978,1,3,2016-04-15 10:29:27
141,cakephp/phinx,1286,Added hasIndexByName method for Table class.,Added `hasIndexByName` method for Table class.,merged,1,11,1,1,2018-01-17 13:15:14
130,atinfo/awesome-test-automation,202,Added Sismo CI for PHP,Added Sismo CI for PHP.,merged,1,1,0,1,2017-10-08 06:01:48
101,ket4yii/docker-php-censor,11,Updated version PHP Censor from 0.8 -> 0.9,"Updated version PHP Censor from 0.8 -> 0.9 (v0.8 has bug with multiple install command runs. Admin account and default project group created many times).

P.S.: I think that command install should execute one time in Dockerfile.",merged,1,2,2,2,2017-02-11 16:50:19
91,Block8/PHPCI,1279,Added debug mode for cron run-builds command,"Contribution Type: feature/bugfix
Link to Intent to Implement: -
Link to Bug: -

This pull request affects the following areas:
- [ ] Front-End
- [X] Builder
- [ ] Build Plugins

**In raising this pull request, I confirm the following (please check boxes):**
- [X] I have read and understood the [contributing guidelines](/.github/CONTRIBUTING.md)?
- [X] I have checked that another pull request for this purpose does not exist.
- [X] I have considered, and confirmed that this submission will be valuable to others.
- [X] I have created or updated the relevant documentation for this change on the PHPCI Wiki.
- [X] Do the PHPCI tests pass?

Detailed description of change:
Added debug mode for cron run-builds command
",merged,1,8,1,1,2016-10-24 15:48:13
92,Block8/PHPCI,1278,Removed useless link + fixed some css/js paths,"Contribution Type: cosmetic
Link to Intent to Implement: -
Link to Bug: -

This pull request affects the following areas:
- [X] Front-End
- [ ] Builder
- [ ] Build Plugins

**In raising this pull request, I confirm the following (please check boxes):**
- [X] I have read and understood the [contributing guidelines](/.github/CONTRIBUTING.md)?
- [X] I have checked that another pull request for this purpose does not exist.
- [X] I have considered, and confirmed that this submission will be valuable to others.
- [X] I have created or updated the relevant documentation for this change on the PHPCI Wiki.
- [X] Do the PHPCI tests pass?

Detailed description of change:
Removed useless link + fixed some css/js paths
",closed,1,2,3,1,2016-10-24 15:17:47
94,Block8/PHPCI,1281,Added localization for email plugin log,"Contribution Type: cosmetic
Link to Intent to Implement:
Link to Bug:

This pull request affects the following areas:
- [ ] Front-End
- [ ] Builder
- [X] Build Plugins

**In raising this pull request, I confirm the following (please check boxes):**
- [X] I have read and understood the [contributing guidelines](/.github/CONTRIBUTING.md)?
- [X] I have checked that another pull request for this purpose does not exist.
- [X] I have considered, and confirmed that this submission will be valuable to others.
- [X] I have created or updated the relevant documentation for this change on the PHPCI Wiki.
- [X] Do the PHPCI tests pass?

Detailed description of change:
Added localization for email plugin log
",merged,1,2,2,1,2016-10-27 14:14:00
95,PHPixie/Database,11,Added PHP version (5.4) into require composer.json section and SQLite…,Added PHP version (5.4) into require composer.json section and SQLite into require-dev composer.json section,closed,1,3,0,1,2017-01-29 04:57:16
96,PHPixie/Test,2,Added PHPUnit and PHP version (5.4) into require composer.json section,Added PHPUnit and PHP version (5.4) into require composer.json section,open,1,4,0,1,2017-01-29 04:41:27
108,ket4yii/docker-php-censor,18,Updated version PHP Censor to 0.12.0,Updated version PHP Censor to 0.12.0,merged,1,2,2,2,2017-03-25 06:39:51
93,Block8/PHPCI,1280,Improved build status image (Added optional params for shield.io),"Contribution Type: new feature|cosmetic
Link to Intent to Implement:
Link to Bug:

This pull request affects the following areas:
- [X] Front-End
- [ ] Builder
- [ ] Build Plugins

**In raising this pull request, I confirm the following (please check boxes):**
- [X] I have read and understood the [contributing guidelines](/.github/CONTRIBUTING.md)?
- [X] I have checked that another pull request for this purpose does not exist.
- [X] I have considered, and confirmed that this submission will be valuable to others.
- [X] I have created or updated the relevant documentation for this change on the PHPCI Wiki.
- [X] Do the PHPCI tests pass?

Detailed description of change:
Improved build status image (Added optional params for shield.io)
",merged,1,17,2,1,2016-10-25 14:43:20
107,ket4yii/docker-php-censor,15,Updated version PHP Censor to 0.11.0,Updated version PHP Censor to 0.11.0,closed,1,2,2,2,2017-03-12 09:59:14
97,PHPixie/Database,10,Fixed typo: PostgreSQl -> PostgreSQL,Fixed typo: PostgreSQl -> PostgreSQL,merged,1,1,1,1,2017-01-29 04:05:00
106,LEXASOFT/PHP-Censor-Telegram-Plugin,1,Small fixes,Small fixes,merged,1,5,11,2,2017-02-20 13:21:12
105,REBELinBLUE/deployer,315,Added partial Russian translation,"- [x] I have read and understood the [Contributing Guidelines](https://github.com/REBELinBLUE/deployer/blob/master/.github/CONTRIBUTING.md)?
- [x] I have checked that another pull request for this purpose does not exist.
- [x] I have considered, and confirmed that this submission will be valuable to others.
- [ ] Do the TravisCI tests pass?
- [ ] Does the StyleCI test pass?

---

Added partial russian translation.

",merged,2,724,0,21,2017-02-19 09:50:29
90,Block8/PHPCI,1235,Fixed preferSource Composer param,"Contribution Type: bugfix
Link to Intent to Implement:
Link to Bug:

This pull request affects the following areas:

- [ ] Front-End
- [ ] Builder
- [x] Build Plugins

**In raising this pull request, I confirm the following (please check boxes):**

- [x] I have read and understood the [contributing guidelines](/.github/CONTRIBUTING.md)?
- [x] I have checked that another pull request for this purpose does not exist.
- [x] I have considered, and confirmed that this submission will be valuable to others.
- [ ] I have created or updated the relevant documentation for this change on the PHPCI Wiki.
- [ ] Do the PHPCI tests pass?

Detailed description of change:

Fixed preferSource Composer param


",closed,1,9,8,1,2016-06-23 15:43:43
86,Block8/PHPCI,1203,Added plugins to Quality Trend chart,"**Contribution Type**: Feature
**Primary Area**: Quality trend chart
**Description of change**:
Added plugins to Quality Trend chart: phpmd-warnings, phpdoccheck-warnings, phpcpd-warnings, phpcs-warnings, phpcs-errors.

![quality_trend](https://cloud.githubusercontent.com/assets/1416706/14852132/bbb42ce8-0cae-11e6-9a1f-fb3fa4526991.png)
",closed,1,10,3,3,2016-04-10 05:10:07
84,Block8/PHPCI,1202,Build view fixes (Quality trend chart and Error tab),"**Contribution Type**: Bugfix
**Primary Area**: Build view
**Description of change**:
* Fixed ""Quality Trend"" chart when warningsPlugin.data[build][key] is NaN (no any of meta_key in build_meta table).
* Fixed doubling of the data in the ""Error"" tab (Build view)",closed,2,42,40,3,2016-04-09 13:37:19
85,Block8/PHPCI,1201,Fix for PhpCpd plugin,"**Contribution Type**: Bugfix
**Primary Area**: PhpCpd plugin
**Description of change**:  Fixed ValidationException in PhpCpd plugin ($lineStart must be integer, but passed SimpleXMLElement).",closed,1,1,1,1,2016-04-09 09:13:59
102,ket4yii/docker-php-censor,14,"Fixed worker image (Added pdo, pdo_mysql and pdo_pgsql PHP extensions)","Fixed worker image (Added pdo, pdo_mysql and pdo_pgsql PHP extensions)",merged,1,2,0,1,2017-02-12 08:38:51
103,ket4yii/docker-php-censor,13,Added MySQL support,"Added MySQL support.

P.S.: I couldn't do a normal healthcheck for MySQL container and added hack with sleep before php-censor installation. ",closed,4,80,26,9,2017-02-12 07:40:16
104,ket4yii/docker-php-censor,12,Added requirements,Added requirements,merged,1,15,5,1,2017-02-12 02:44:07
98,ket4yii/docker-php-censor,6,Removed duplicated option from config template (from_address),Removed duplicated option from config template (from_address),merged,1,0,2,1,2017-02-04 16:57:49
99,ziadoz/awesome-php,760,Added PHP Censor,Added PHP Censor - An open source self-hosted continuous integration server for PHP projects (Fork of PHPCI),closed,0,0,0,0,2017-02-07 17:40:05
109,lulco/phoenix,75,Fixed README typo,Fixed README typo,merged,1,1,1,1,2017-04-04 01:23:32
110,ket4yii/docker-php-censor,19,Updated version PHP Censor to 0.13.0,Updated version PHP Censor to 0.13.0,merged,1,2,2,2,2017-04-10 13:13:29
100,ciandcd/awesome-ciandcd,24,Add PHP Censor,Add PHP Censor,merged,1,1,0,1,2017-02-07 17:26:23
113,php-amqplib/php-amqplib,491,DO NOT MERGE Fixed requeue param for nack and reject for more consistency.,Fixed requeue param for nack and reject for more consistency.,closed,1,2,2,1,2017-06-07 13:49:45
121,php-censor/docker-php-censor,26,Updated version PHP Censor to 0.17.0.,Updated version PHP Censor to 0.17.0.,merged,0,0,0,0,2017-09-03 12:04:43
111,ciandcd/awesome-ciandcd,28,Fixed PHP Censor URL,Fixed PHP Censor URL,merged,1,1,1,1,2017-05-05 04:03:30
114,ket4yii/docker-php-censor,23,Updated version PHP Censor to 0.15.0,Updated version PHP Censor to 0.15.0,merged,1,2,2,2,2017-06-10 16:27:24
112,ket4yii/docker-php-censor,22,Updated version PHP Censor to 0.14.0,Updated version PHP Censor to 0.14.0,merged,1,2,2,2,2017-05-15 14:27:43
115,ketchoop/docker-php-censor,24,Updated version PHP Censor to 0.16.0,Updated version PHP Censor to 0.16.0,merged,0,0,0,0,2017-07-16 04:00:08
122,php-censor/docker-php-censor,27,Small Readme improvements.,Small Readme improvements.,merged,1,26,27,3,2017-09-11 17:13:56
118,infection/infection,28,Added option '-c|--configuration' for custom configuration file path.,Added option '-c|--configuration' for custom configuration file path.,merged,0,0,0,0,2017-09-01 14:08:02
119,infection/site,4,Added option '-c|--configuration' for custom configuration file path.,"Added option '-c|--configuration' for custom configuration file path. See: https://github.com/infection/infection/pull/28

",merged,0,0,0,0,2017-09-02 04:29:08
134,mojombo/semver.org,179,Fixes for russian version.,Fixes for russian version.,merged,1,37,37,3,2017-11-11 10:00:01
120,atinfo/awesome-test-automation,192,Added PHP Censor CI server.,Added PHP Censor CI server.,merged,0,0,0,0,2017-09-03 16:20:12
116,infection/infection,22,Fixed bootstrap.php for case with install by Composer as dependency and run from vendor/bin,Fixed `bootstrap.php` for case with install by Composer as dependency and run from `vendor/bin` (`./vendor/bin/infection`).,merged,0,0,0,0,2017-08-22 11:56:53
125,MunGell/awesome-for-beginners,141,Added PHP Censor.,Added PHP Censor.,merged,0,0,0,0,2017-09-23 14:21:04
133,jasongrimes/php-paginator,16,Added more consistent fluent interface for setters + improved phpdocs.,Added more consistent fluent interface for setters + improved phpdocs.,open,1,52,2,1,2017-10-24 15:46:52
117,LEXASOFT/PHP-Censor-Telegram-Plugin,4,Improvements,"* Fixed plugin for PHP Censor 0.16.0. See https://github.com/php-censor/php-censor/commit/9041457af4316c18784665875529c1dfcf8a4be9
* Improved plugin composer.json and fixed PHP Censor repository URL in README.md.",merged,2,47,21,3,2017-08-29 15:26:02
132,php-censor/docker-php-censor,28,Updated version PHP Censor to 0.18.0.,Updated version PHP Censor to 0.18.0.,merged,1,2,2,2,2017-10-22 07:39:49
126,salathe/phps.io,5,Added Tagua VM.,Added Tagua VM.,merged,0,0,0,0,2017-09-26 01:25:11
138,php-censor/php-censor,139,Test pull request 2.,Test pull request 2.,closed,0,0,0,0,2017-12-10 10:25:18
142,php-censor/docker-php-censor,33,Fixed and upgrade (from 7.0.15 -> 7.2.x) version of PHP for containers.,Fixed and upgrade (from 7.0.15 -> 7.2.x) version of PHP for containers.,merged,1,2,2,2,2018-01-24 12:55:07
137,php-censor/php-censor,140,Test pull request 3.,Test pull request 3.,closed,0,0,0,0,2017-12-10 10:55:45
139,php-censor/php-censor,138,Test pull request.,Test pull request.,closed,0,0,0,0,2017-12-10 10:22:17
135,php-censor/docker-php-censor,29,Updated version PHP Censor to 0.19.0.,Updated version PHP Censor to 0.19.0.,merged,1,2,2,2,2017-11-18 13:55:08
129,atinfo/awesome-test-automation,203,Added SensioLabs Security Checker for PHP,Added SensioLabs Security Checker for PHP.,merged,1,10,13,1,2017-10-08 06:06:57
128,atinfo/awesome-test-automation,204,Added PHPSpec for PHP,Added PHPSpec for PHP.,merged,1,1,0,1,2017-10-08 06:12:14
127,atinfo/awesome-test-automation,205,Added Infection for PHP,Added Infection for PHP.,merged,1,1,0,1,2017-10-08 06:17:02
131,vicky002/AlgoWiki,123,Added PHP Censor CI server.,Added PHP Censor CI server.,merged,1,1,0,1,2017-10-14 08:29:04
144,php-censor/docker-php-censor,34,"Revert ""Fixed and upgrade (from 7.0.15 -> 7.2.x) version of PHP","Revert ""Fixed and upgrade (from 7.0.15 -> 7.2.x) version of PHP.",merged,1,2,2,2,2018-01-29 13:12:38
136,matiassingers/awesome-readme,65,Added PHP Censor to examples readme.md section.,Added PHP Censor to examples readme.md section.,merged,1,1,0,1,2017-11-22 14:17:35
140,php-censor/docker-php-censor,32,Updated PHP Censor version to 0.20.0.,Updated PHP Censor version to 0.20.0.,merged,1,2,2,2,2018-01-10 13:51:52
143,php-censor/docker-php-censor,35,Fixes for new DockerHub organization 'phpcensor'.,Fixes for new DockerHub organization 'phpcensor'.,merged,0,0,0,0,2018-01-29 13:41:39
145,symfony/marketing,452,Added PHP Censor project,Added PHP Censor project.,merged,0,0,0,0,2018-03-21 12:34:49
147,consolidation/Robo,730,Fixed installation guide on site main page,"### Overview
This pull request:

- [ ] Fixes a bug
- [ ] Adds a feature
- [ ] Breaks backwards compatibility
- [ ] Has tests that cover changes

### Summary
Fixed installation guide on site main page.
",merged,0,0,0,0,2018-05-08 12:58:29
153,mremi/Flowdock,6,Fixed Guzzle package name.,Fixed Guzzle package name ('guzzle/guzzle' -> 'guzzlehttp/guzzle'). Issue #4.,merged,1,2,1,2,2018-11-30 16:36:49
155,mremi/Flowdock,8,Updated Guzzle version from 3.7.* to 6.*.,Updated Guzzle version from 3.7.* to 6.*.,merged,1,31,28,9,2018-12-02 14:47:53
146,Kickball/awesome-selfhosted,1350,Added PHP Censor project.,"Thank you for taking the time to work on a PR for Awesome-Selfhosted!

To ensure your PR is dealt with swiftly please check the following:

- [x] Your submissions are formatted according to the guidelines.

    ``- [Name](http://homepage/) - Short description, less than 250 characters. ([Demo](http://url.to/demo), [Source Code](http://url.of/source/code)) `License` `Language` ``

- [x] Your additions are ordered alphabetically.
- [x] Your additions are [Free software](https://en.wikipedia.org/wiki/Free_software), or if not they have been added to [non-free](non-free.md).
- [x] Your additions are not already listed at [awesome-sysadmin](https://github.com/n1trux/awesome-sysadmin) (IT infrastructure management), [staticgen.com](https://www.staticgen.com/) or [staticsitegenerators.net](https://staticsitegenerators.net/) (static site generators).
- [x] Any licenses you have added are in our [list of licenses](https://github.com/Kickball/awesome-selfhosted/blob/master/README.md#list-of-licenses).
- [x] You have searched the repository for any relevant [issues](https://github.com/Kickball/awesome-selfhosted/issues) or [PRs](https://github.com/Kickball/awesome-selfhosted/pulls).
- [x] Any category you are creating has the minimum requirement of 3 items.
- [x] Any software project you are adding to the list is actively maintained.",merged,0,0,0,0,2018-03-27 13:03:06
156,mremi/Flowdock,7,Returned PHP v7.0.,Can we retern PHP `v7.0`? Firstly it works on `v7.0`. Secondly projects wich depend on the library can support PHP versions like `>=5.6.0`. What do you think about it?,merged,1,2,1,1,2018-12-02 05:05:08
148,algo13/awesome-php-static-analysis,2,Small style improvements.,"",open,1,6,3,1,2018-10-02 00:43:25
150,symfony/marketing,477,Moved testing frameworks to Code Quality section.,Moved testing frameworks to Code Quality section.,merged,1,3,3,1,2018-10-14 03:41:02
151,symfony/marketing,476,Added Infection mutation testing framework.,Added Infection mutation testing framework.,merged,2,10,0,3,2018-10-14 02:19:53
161,peter-gribanov/clean-code-php,30,Fixed phrase.,"",merged,1,1,1,1,2019-10-10 15:48:25
163,TransactPRO/phpci-stash-build,8,Fixed README.md markup.,"",open,1,3,3,1,2019-10-23 17:29:16
157,php-censor/php-censor,243,Update issue templates,"",closed,1,27,0,1,2018-12-23 07:50:00
152,codeguy/php-the-right-way,801,Added PHP Censor CI-server.,Added PHP Censor CI-server.,merged,1,2,0,1,2018-10-15 17:54:34
154,mremi/Flowdock,5,Added alternative symfony/console versions (~3.0 and ~4.0).,"I added alternative `symfony/console` versions (~3.0 and ~4.0).

I develop project [PHP Censor](https://github.com/php-censor/php-censor) which use your library and it use `symfony/console` v3.4.*. Could you release new version (I guess: `1.0.1`) of library after the pull request merge please?",merged,2,12,5,3,2018-11-30 16:27:17
164,codeguy/php-the-right-way,839,Fixed links for PHPCI and PHP Censor.,"",merged,1,2,2,1,2019-10-23 17:21:04
162,mremi/Flowdock,9,Updated PHPUnit version from 4.1 to 5.7,Updated PHPUnit version from 4.1 to 5.7 (Latest major version with PHP 5.6 support).,merged,2,5,3,4,2019-10-16 16:55:43
158,php-censor/php-censor,268,Documentation improvements.,"## Contribution type

Documentation.

## Description of change

Improved documentation.
",merged,1,49,48,24,2019-02-01 11:23:05
159,peter-gribanov/clean-code-php,27,Fixed type,Fixed type.,merged,1,1,1,1,2019-07-11 15:01:32
160,corpsee/clean-code-php,1,Fixed type,Fixed type.,closed,1,1,1,1,2019-07-11 14:59:19
168,php-censor/php-censor,380,Added variable for interpolation APP_VERSION (%APP_VERSION%).,"## Contribution type

Feature.

## Description of change

Fixed #374. Added variable for interpolation APP_VERSION (%APP_VERSION%).
",merged,1,15,8,6,2020-10-10 16:10:54
165,smi2/phpClickHouse,135,Added more debug info for empty response with error,"Added more debug info for the response without any error message and with http error code only.

The additional details from `QueryException` can be logged in try/catch block.
",merged,1,54,2,4,2020-03-23 03:45:13
149,docker/docker.github.io,7506,Added more information about Docker Engine/Compose versions.,"### Proposed changes

I Add more information about Docker Engine/Compose versions to section about Compose file.
",closed,1,39,29,2,2018-10-13 05:02:08
169,php-censor/php-censor,379,Fixed SQLite plugin PDO initialization. Issue #377.,"## Contribution type

Bugfix.

## Description of change

Fixed #377 (SQLite PDO class constructor evoke with wrong params order).
",merged,1,1,1,1,2020-10-10 15:44:13
166,smi2/phpClickHouse,140,Fixed typo in streamRead exception text,Fixed typo in streamRead exception text.,merged,1,1,1,1,2020-08-27 10:53:01
167,cakephp/phinx,1902,Improve missing migration file notice for more clear ('MISSING' -> 'M…,Improve missing migration file notice for more clear ('MISSING' -> 'MISSING MIGRATION FILE').,merged,1,15,15,2,2020-10-01 15:29:30
171,sebastianbergmann/phploc,224,Fixed version 4.0.1 for XDebug version 3.,"I should support project which still has minimal PHP version 5.6. And project use latest PHPLoc version with PHP 5.6 support (It is a 4.0.1). For now PHPLoc 4.0.1 broken if you are using XDebug version 3+.

I know that you are not support now version 4, but could you release patch 4.0.2 if it is not very difficult? Thanks.",closed,1,3,1,1,2020-12-14 16:04:40
173,roowix/handbook,23,Fixed php.md,Fixed php.md,open,1,1,1,1,2021-06-09 04:13:43
170,php-censor/php-censor,381,Improved PHP Censor version variable,"## Contribution type

Enhancement.

## Description of change

Improved PHP Censor version variable: renamed APP_VERSION (%APP_VERSION%) to SYSTEM_VERSION (%SYSTEM_VERSION%). #374.
",merged,1,20,12,8,2020-10-12 16:13:08
172,php-amqplib/php-amqplib,917,Improved examples and dosc,Removed using of internal property `AMQPMessage::delivery_info` from docs and examples.,merged,1,8,5,3,2021-05-14 15:16:06
124,ciandcd/awesome-ciandcd,30,Fixes for PHP Censor.,Fixes for PHP Censor.,merged,1,1,1,1,2017-09-23 14:28:51
123,cakephp/phinx,1193,Added full support of different schemas for Postgres.,"Added full support of different schemas for Postgres (#828). Use-case:
```php
$this->getAdapter()->createSchema('schema1');

if (!$this->hasTable('schema1.example1')) {
    $table = $this->table('schema1.example1');
    $table
        ->addColumn('column1', 'integer')
        ->save();
}

$this->getAdapter()->createSchema('schema2');

if (!$this->hasTable('schema2.example2')) {
    $table = $this->table('schema2.example2');
    $table
        ->addColumn('column2', 'integer')
        ->save();

    $table
        ->addForeignKey('column2', 'schema1.example1', 'id')
        ->save();
}
```

Instead of now:
```php
$this->getAdapter()->createSchema('schema1');
$this->getAdapter()->setOptions(array_replace($this->getAdapter()->getOptions(), ['schema' => 'schema1']));

if (!$this->hasTable('example1')) {
    $table = $this->table('example1');
    $table
        ->addColumn('column1', 'integer')
        ->save();
}

$this->getAdapter()->createSchema('schema2');
$this->getAdapter()->setOptions(array_replace($this->getAdapter()->getOptions(), ['schema' => 'schema2']));

if (!$this->hasTable('example2')) {
    $table = $this->table('example2');
    $table
        ->addColumn('column2', 'integer')
        ->save();

    $this->execute('ALTER TABLE schema2.example2 ADD CONSTRAINT example2_column2_fkey FOREIGN KEY (column2) REFERENCES schema1.example1(id)');
}

$this->getAdapter()->setOptions(array_replace($this->getAdapter()->getOptions(), ['schema' => 'public']));
```",merged,5,515,66,2,2017-09-22 14:38:01
89,Block8/PHPCI,1236,Added localization for build details widget (+ Russian translation),"Contribution Type: bug fix / localization
Link to Intent to Implement:
Link to Bug:

This pull request affects the following areas:

* [x] Front-End
* [ ] Builder
* [ ] Build Plugins

**In raising this pull request, I confirm the following (please check boxes):**

- [x] I have read and understood the [contributing guidelines](/.github/CONTRIBUTING.md)?
- [x] I have checked that another pull request for this purpose does not exist.
- [x] I have considered, and confirmed that this submission will be valuable to others.
- [ ] I have created or updated the relevant documentation for this change on the PHPCI Wiki.
- [ ] Do the PHPCI tests pass?

Detailed description of change:

Added localization for build details widget (+ Russian translation)



",closed,1,27,11,3,2016-06-23 16:03:01
81,Block8/PHPCI,1107,Project groups localization,"**Contribution Type**: Impovement

**Primary Area**: Project groups, Lang

**Description of change**:

* Added localization for Project Groups (+ ru localization)

* Added fallback to english for missing localization strings",closed,2,62,16,7,2015-10-21 16:24:56
176,php-censor/php-censor,422,Documentation fixes,"## Contribution type

Documentation fixes

## Description of change

Documentation fixes
",merged,1,125,117,4,2021-10-19 15:37:31
178,borsaco/TelegramBotApiBundle,15,Improved types and code style.,Fixed types ans some code style problems.,merged,1,34,39,4,2022-01-27 16:44:22
179,borsaco/TelegramBotApiBundle,14,Fixed PHP version requirement (7.1 -> 7.2),"Fixed PHP version requirement (7.1 -> 7.2) because ""irazasyed/telegram-bot-sdk: ^3.4"" require minimal PHP version ^7.2. Installation on PHP version 7.1 failed.",merged,1,1,1,1,2022-01-27 16:43:40
177,php-censor/php-censor,423,Fixes for steps. PR #417.,"## Contribution type

Fixes/Documentation

## Description of change

Improved documentation and small fixes for feature #417.
",merged,1,241,204,53,2021-10-22 15:53:08
174,php-censor/php-censor,421,Updated Codeception version.,"## Contribution type

Bugfix

## Description of change

Updated version of Codeception (CVE-2021-23420: Deserialization of Untrusted Data https://github.com/advisories/GHSA-4574-qv3w-fcmg).
",merged,1,859,95,2,2021-10-14 16:50:39
175,php-censor/php-censor,420,Fixes for documentation.,"Documentation fixes.
",merged,1,67,69,50,2021-10-14 16:21:40
181,abstractart/how-to-develop-perfect-crud,14,Added point about git repository force push,Added point about git repository force push,merged,1,1,0,1,2023-02-07 12:00:33
180,abstractart/how-to-develop-perfect-crud,28,Added security utilities for PHP.,Added security utilities for PHP.,merged,1,1,0,1,2023-02-26 04:20:45
